date,hospitalises,reanimation,deces_cumul,retours_domicile_cumul
2020-03-18,2972,771,218,816
2020-03-19,4073,1002,327,1180
2020-03-20,5226,1297,450,1587
2020-03-21,5900,1453,525,1811
2020-03-22,6954,1674,632,2117
2020-03-23,8673,2080,860,2567
2020-03-24,10163,2503,1100,3281
2020-03-25,12072,2935,1388,4085
2020-03-26,13879,3351,1696,4947
2020-03-27,15701,3758,1995,5698
2020-03-28,17580,4236,2314,6624
2020-03-29,19311,4592,2606,7131
2020-03-30,20946,5056,3024,7923
2020-03-31,22672,5496,3523,9443
2020-04-01,24543,5940,4032,10934
2020-04-02,26131,6305,4503,12427
2020-04-03,27302,6556,5091,14007
2020-04-04,28003,6723,5532,15437
2020-04-05,28747,6859,5889,16182
2020-04-06,29569,6948,6494,17249
2020-04-07,29871,7004,7091,19336
2020-04-08,30217,7019,7632,21253
2020-04-09,30608,6937,8044,23205
2020-04-10,31108,6875,8598,24931
2020-04-11,31159,6752,8943,26390
2020-04-12,31665,6714,9253,27185
2020-04-13,31952,6690,9588,27717
2020-04-14,32131,6599,10129,28804
2020-04-15,31623,6331,10643,30952
2020-04-16,31172,6139,11053,32806
2020-04-17,31061,5922,11470,34414
2020-04-18,30515,5733,11834,35977
2020-04-19,30486,5644,12061,36572
2020-04-20,30462,5584,12505,37403
2020-04-21,29984,5334,12892,39175
2020-04-22,29627,5127,13225,40651
2020-04-23,29113,4967,13536,42082
2020-04-24,28554,4785,13841,43486
2020-04-25,28119,4641,14039,44587
2020-04-26,28114,4598,14191,44896
2020-04-27,27954,4526,14486,45506
2020-04-28,27607,4392,14676,46322
2020-04-29,26736,4128,15041,48221
2020-04-30,26192,3947,15231,49469
2020-05-01,25809,3819,15350,50204
2020-05-02,25751,3770,15468,50554
2020-05-03,25739,3762,15564,50776
2020-05-04,25472,3639,15807,51363
2020-05-05,24701,3375,16041,52728
2020-05-06,23912,3095,16218,53963
2020-05-07,23139,2911,16367,55018
2020-05-08,22657,2820,16478,55773
2020-05-09,22547,2764,16554,56029
2020-05-10,22502,2728,16623,56208
2020-05-11,22219,2666,16801,56715
2020-05-12,21530,2496,16984,57776
2020-05-13,21009,2385,17082,58664
2020-05-14,20401,2256,17205,59596
2020-05-15,19801,2162,17323,60439
2020-05-16,19372,2091,17393,61057
2020-05-17,19302,2047,17447,61204
2020-05-18,18956,1958,17570,61719
2020-05-19,18409,1854,17695,62554
2020-05-20,17882,1754,17793,63345
2020-05-21,17527,1708,17851,63849
2020-05-22,17327,1664,17925,64200
2020-05-23,17122,1628,17968,64538
2020-05-24,17129,1618,18003,64608
2020-05-25,16742,1572,18093,65190
2020-05-26,16209,1519,18175,65870
2020-05-27,15627,1467,18240,66575
2020-05-28,15155,1395,18306,67182
2020-05-29,14643,1328,18367,67794
2020-05-30,14329,1293,18424,68259
2020-05-31,14271,1287,18455,68346
2020-06-01,14237,1270,18486,68431
2020-06-02,13978,1221,18570,68803
2020-06-03,13465,1179,18651,69446
2020-06-04,13054,1133,18695,69967
2020-06-05,12650,1065,18741,70494
2020-06-06,12433,1030,18772,70796
2020-06-07,12415,1024,18785,70832
2020-06-08,12269,995,18839,71052
2020-06-09,11915,926,18892,71496
2020-06-10,11632,904,18915,71822
2020-06-11,11420,875,18942,72139
2020-06-12,11079,851,18970,72562
2020-06-13,10864,843,18994,72798
2020-06-14,10836,841,19003,72849
2020-06-15,10707,818,19032,73034
2020-06-16,10490,792,19070,73325
2020-06-17,10222,744,19098,73657
2020-06-18,10080,724,19126,73877
2020-06-19,9925,699,19140,74107
2020-06-20,9792,687,19156,74302
2020-06-21,9778,687,19163,74362
2020-06-22,9648,673,19186,74602
2020-06-23,9446,654,19212,74861
2020-06-24,9254,630,19223,75117
2020-06-25,9096,623,19244,75341
2020-06-26,8841,606,19270,75639
2020-06-27,8715,594,19285,75803
2020-06-28,8727,594,19287,75833
2020-06-29,8643,591,19305,75989
2020-06-30,8491,574,19326,76264
2020-07-01,8291,554,19344,76539
2020-07-02,8103,545,19358,76792
2020-07-03,7946,533,19376,77049
2020-07-04,7863,517,19388,77160
2020-07-05,7863,521,19390,77179
2020-07-06,7806,521,19403,77308
2020-07-07,7550,511,19437,77644
2020-07-08,7254,503,19469,77985
2020-07-09,7134,486,19483,78159
2020-07-10,7020,471,19508,78377
2020-07-11,6995,470,19514,78454
2020-07-12,6991,473,19515,78486
2020-07-13,6941,467,19533,78586
2020-07-14,6907,465,19539,78670
2020-07-15,6873,457,19559,78809
2020-07-16,6754,456,19577,79025
2020-07-17,6646,452,19591,79233
2020-07-18,6614,450,19599,79322
2020-07-19,6583,448,19600,79384
2020-07-20,6547,442,19616,79530
2020-07-21,6440,430,19629,79723
2020-07-22,6324,420,19636,79946
2020-07-23,5915,411,19646,80461
2020-07-24,5678,385,19656,80804
2020-07-25,5634,368,19664,80915
2020-07-26,5640,367,19665,80947
2020-07-27,5614,374,19673,81071
2020-07-28,5510,361,19688,81300
2020-07-29,5409,356,19703,81489
2020-07-30,5334,357,19719,81656
2020-07-31,5257,347,19730,81870
2020-08-01,5177,344,19736,82016
2020-08-02,5188,345,19737,82029
2020-08-03,5157,360,19759,82155
2020-08-04,5121,364,19770,82307
2020-08-05,5107,360,19779,82449
2020-08-06,5019,366,19786,82659
2020-08-07,4970,359,19798,82825
2020-08-08,4981,366,19800,82881
2020-08-09,4992,368,19800,82886
2020-08-10,5004,372,19814,83036
2020-08-11,4971,367,19829,83226
2020-08-12,4850,355,19846,83461
2020-08-13,4824,351,19863,83651
2020-08-14,4788,344,19881,83836
2020-08-15,4817,353,19884,83880
2020-08-16,4820,353,19885,83909
2020-08-17,4885,361,19904,84053
2020-08-18,4783,357,19920,84297
2020-08-19,4781,362,19937,84440
2020-08-20,4723,368,19949,84615
2020-08-21,4720,367,19972,84802
2020-08-22,4685,368,19980,84923
2020-08-23,4683,371,19981,84946
2020-08-24,4664,387,19996,85172
2020-08-25,4578,401,20016,85494
2020-08-26,4535,373,20034,85731
2020-08-27,4517,375,20046,85954
2020-08-28,4517,381,20065,86147
2020-08-29,4512,394,20071,86268
2020-08-30,4517,396,20075,86280
2020-08-31,4564,403,20104,86439
2020-09-01,4586,418,20123,86682
2020-09-02,4614,440,20148,86933
2020-09-03,4625,458,20168,87176
2020-09-04,4653,467,20186,87417
2020-09-05,4667,476,20198,87549
2020-09-06,4697,480,20201,87578
2020-09-07,4889,531,20226,87806
2020-09-08,4942,568,20265,88196
2020-09-09,4985,593,20295,88494
2020-09-10,5077,608,20314,88712
2020-09-11,5136,628,20354,89029
2020-09-12,5176,655,20371,89201
2020-09-13,5228,662,20377,89240
2020-09-14,5479,705,20411,89477
2020-09-15,5660,752,20447,89861
2020-09-16,5800,796,20493,90305
2020-09-17,5825,793,20543,90810
2020-09-18,5800,820,20665,91544
2020-09-19,5493,827,20690,92289
2020-09-20,5356,834,20701,92552
2020-09-21,5597,912,20754,92978
2020-09-22,5777,944,20821,93508
2020-09-23,5913,995,20864,93952
2020-09-24,6012,1041,20916,94383
2020-09-25,6110,1092,20971,94860
2020-09-26,6154,1105,21010,95272
2020-09-27,6235,1112,21037,95395
2020-09-28,6397,1158,21118,95743
2020-09-29,6482,1198,21177,96296
2020-09-30,6572,1232,21240,96766
2020-10-01,6634,1259,21303,97240
2020-10-02,6740,1270,21350,97747
2020-10-03,6740,1289,21393,98199
2020-10-04,6964,1335,21425,98343
2020-10-05,7276,1409,21494,98649
2020-10-06,7377,1417,21556,99264
2020-10-07,7514,1406,21636,99762
2020-10-08,7603,1418,21712,100275
2020-10-09,7843,1439,21774,100797
2020-10-10,7976,1456,21828,101280
2020-10-11,8231,1483,21874,101460
2020-10-12,8671,1539,21969,101868
2020-10-13,8928,1633,22053,102649
2020-10-14,9173,1664,22157,103382
2020-10-15,9584,1741,22245,104051
2020-10-16,10021,1791,22367,104665
2020-10-17,10399,1868,22456,105163
2020-10-18,10897,1939,22541,105400
2020-10-19,11640,2090,22687,105904
2020-10-20,12435,2168,22849,106808
2020-10-21,13162,2239,23012,107621
2020-10-22,14009,2310,23174,108568
2020-10-23,14985,2432,23358,109455
2020-10-24,15637,2491,23495,110291
2020-10-25,16454,2575,23611,110629
2020-10-26,17761,2761,23868,111316
2020-10-27,18955,2909,24156,112685
2020-10-28,20184,3036,24400,113946
2020-10-29,21160,3147,24635,115256
2020-10-30,22153,3368,24890,116502
2020-10-31,23013,3443,25113,117563
2020-11-01,24008,3569,25344,118196
2020-11-02,25120,3721,25760,119073
2020-11-03,26242,3869,26186,120683
2020-11-04,27511,4080,26571,122631
2020-11-05,28403,4221,26934,124247
2020-11-06,28955,4321,27332,126298
2020-11-07,29396,4410,27636,127907
2020-11-08,30217,4527,27906,128583
2020-11-09,31098,4677,28454,129704
2020-11-10,31477,4736,28920,131889
2020-11-11,31918,4789,29248,133665
2020-11-12,32654,4884,29673,134923
2020-11-13,32676,4887,30129,137124
2020-11-14,32468,4855,30483,139110
2020-11-15,33050,4880,30785,139779
2020-11-16,33466,4903,31291,140849
2020-11-17,33139,4838,31719,143121
2020-11-18,32811,4759,32144,145360
2020-11-19,32314,4637,32573,147538
2020-11-20,31875,4566,32954,149490
2020-11-21,31365,4493,33207,151146
2020-11-22,31522,4491,33421,151650
2020-11-23,31449,4438,33921,152561
2020-11-24,30594,4277,34374,154648
2020-11-25,29944,4136,34755,156521
2020-11-26,29282,4006,35094,158205
2020-11-27,28620,3871,35487,159884
2020-11-28,28139,3765,35700,161106
2020-11-29,28284,3744,35898,161396
2020-11-30,28229,3739,36304,162250
2020-12-01,27611,3594,36667,163998
2020-12-02,26986,3478,36976,165532
2020-12-03,26675,3415,37300,166909
2020-12-04,26283,3283,37582,168321
2020-12-05,26040,3220,37796,169327
2020-12-06,26262,3210,37970,169555
2020-12-07,26333,3188,38336,170254
2020-12-08,25882,3078,38713,171837
2020-12-09,25526,3031,39009,173216
2020-12-10,25199,2949,39301,174627
2020-12-11,24943,2874,39605,175860
2020-12-12,24948,2851,39799,176712
2020-12-13,25207,2861,39949,176964
2020-12-14,25449,2896,40320,177616
2020-12-15,25207,2871,40627,179056
2020-12-16,25282,2840,40916,180280
2020-12-17,25149,2798,41174,181475
2020-12-18,24945,2764,41429,182634
2020-12-19,24819,2718,41618,183540
2020-12-20,24961,2745,41749,183775
2020-12-21,25201,2737,42100,184433
2020-12-22,24932,2719,42481,186027
2020-12-23,24852,2701,42757,187241
2020-12-24,24607,2643,43047,188608
2020-12-25,24359,2616,43206,189414
2020-12-26,24444,2640,43352,189687
2020-12-27,24620,2650,43525,189910
2020-12-28,24645,2694,43888,190691
2020-12-29,24743,2666,44272,191775
2020-12-30,24560,2652,44575,193014
2020-12-31,24407,2625,44826,194190
2021-01-01,24263,2609,44959,194870
2021-01-02,24458,2632,45115,195143
2021-01-03,24780,2665,45231,195355
2021-01-04,24962,2657,45609,196006
2021-01-05,24871,2616,45954,197472
2021-01-06,24708,2607,46237,198725
2021-01-07,24488,2573,46513,200048
2021-01-08,24377,2606,46789,201255
2021-01-09,24240,2600,46957,202134
2021-01-10,24526,2620,47108,202398
2021-01-11,24812,2666,47418,203041
2021-01-12,24703,2678,47773,204359
2021-01-13,24735,2701,48002,205641
2021-01-14,24983,2716,48284,206771
2021-01-15,25009,2730,48564,208040
2021-01-16,24985,2731,48757,209025
2021-01-17,25235,2766,48898,209312
2021-01-18,25584,2803,49301,210169
2021-01-19,25532,2829,49670,211785
2021-01-20,25650,2842,49980,213211
2021-01-21,25699,2866,50326,214507
2021-01-22,25872,2902,50645,215791
2021-01-23,25864,2886,50875,216694
2021-01-24,26357,2955,51047,216934
2021-01-25,26888,3031,51492,217677
2021-01-26,27005,3071,51842,219121
2021-01-27,27131,3097,52192,220539
2021-01-28,27128,3101,52536,221872
2021-01-29,27270,3120,52891,223143
2021-01-30,27242,3103,53133,224089
2021-01-31,27573,3148,53328,224375
2021-02-01,27874,3218,53783,225288
2021-02-02,28029,3270,54187,226865
2021-02-03,27953,3267,54544,228441
2021-02-04,27766,3240,54901,229944
2021-02-05,27572,3235,55194,231518
2021-02-06,27327,3215,55385,232662
2021-02-07,27652,3262,55556,232946
2021-02-08,27995,3353,56014,233962
2021-02-09,27634,3332,56450,235686
2021-02-10,27417,3309,56746,237082
2021-02-11,26963,3327,57106,238722
2021-02-12,26424,3298,57423,240259
2021-02-13,26196,3294,57622,241323
2021-02-14,26401,3299,57789,241597
2021-02-15,26478,3371,58201,242497
2021-02-16,26195,3338,58552,244207
2021-02-17,25929,3340,58862,245706
2021-02-18,25717,3384,59133,247096
2021-02-19,25506,3380,59458,248457
2021-02-20,25269,3369,59641,249520
2021-02-21,25464,3392,59800,249727
2021-02-22,25831,3407,60133,250532
2021-02-23,25660,3435,60443,252083
2021-02-24,25614,3436,60720,253450
2021-02-25,25317,3430,60981,254868
2021-02-26,25130,3445,61265,256326
2021-02-27,24989,3453,61450,257258
2021-02-28,25280,3492,61572,257555
2021-03-01,25430,3544,61947,258384
2021-03-02,25263,3586,62247,259893
2021-03-03,25111,3637,62569,261289
2021-03-04,24891,3633,62862,262690
2021-03-05,24765,3680,63100,263919
2021-03-06,24625,3689,63270,264909
2021-03-07,24818,3743,63400,265295
2021-03-08,25195,3849,63759,266096
2021-03-09,25201,3918,64057,267539
2021-03-10,24969,3918,64321,269019
2021-03-11,24858,3992,64586,270433
2021-03-12,24749,4033,64809,271678
2021-03-13,24671,4070,64978,272615
2021-03-14,24989,4127,65118,272960
2021-03-15,25469,4219,65451,273771
2021-03-16,25492,4239,65765,275360
2021-03-17,25314,4219,66006,276993
2021-03-18,25389,4246,66274,278263
2021-03-19,25339,4287,66559,279646
2021-03-20,25537,4353,66735,280571
2021-03-21,25926,4406,66873,280955
2021-03-22,26488,4548,67216,281885
2021-03-23,26756,4634,67503,283507
2021-03-24,26876,4651,67748,285199
2021-03-25,27036,4709,67973,286607
2021-03-26,27242,4766,68276,288062
2021-03-27,27259,4791,68466,289350
2021-03-28,27712,4872,68597,289752
2021-03-29,28322,4974,68957,290810
2021-03-30,28510,5072,69293,292796
2021-03-31,28463,5053,69596,294638
2021-04-01,28581,5109,69904,296166
2021-04-02,28729,5254,70204,297734
2021-04-03,28886,5273,70389,299075
2021-04-04,29356,5341,70574,299624
2021-04-05,29907,5433,70771,300064
2021-04-06,30639,5626,71180,301299
2021-04-07,30904,5729,71601,303639
2021-04-08,30555,5705,71944,305711
2021-04-09,30326,5757,72243,307674
2021-04-10,30238,5769,72450,309136
2021-04-11,30671,5838,72626,309787
2021-04-12,31262,5916,73011,310934
2021-04-13,31226,5952,73335,313051
2021-04-14,30868,5902,73632,315152
2021-04-15,30668,5924,73928,317036
2021-04-16,30472,5914,74234,318923
2021-04-17,30329,5877,74423,320275
2021-04-18,30789,5893,74563,320757
2021-04-19,31214,5970,75010,321889
2021-04-20,31086,5984,75384,323961
2021-04-21,30954,5959,75697,325811
2021-04-22,30634,5981,75980,327668
2021-04-23,30438,5962,76285,329405
2021-04-24,30100,5958,76502,330838
2021-04-25,30287,5978,76647,331362
2021-04-26,30596,6001,77045,332563
2021-04-27,30281,5943,77370,334577
2021-04-28,29911,5879,77685,336281
2021-04-29,29487,5804,77991,338000
2021-04-30,28930,5675,78261,339650
2021-05-01,28603,5581,78453,340997
2021-05-02,28818,5585,78566,341458
2021-05-03,28950,5630,78877,342451
2021-05-04,28427,5504,79120,344265
2021-05-05,27686,5402,79364,346184
2021-05-06,26985,5231,79583,347768
2021-05-07,26331,5106,79809,349293
2021-05-08,25800,5005,79985,350471
2021-05-09,25797,4971,80100,350873
2021-05-10,25666,4870,80392,351795
2021-05-11,25028,4743,80628,353370
2021-05-12,24254,4583,80812,354860
2021-05-13,23656,4442,80943,355927
2021-05-14,23406,4352,81116,356700
2021-05-15,22950,4271,81228,357613
2021-05-16,22963,4255,81309,357928
2021-05-17,22749,4186,81505,358776
2021-05-18,22058,4015,81692,360213
2021-05-19,21347,3862,81833,361460
2021-05-20,20750,3769,81966,362593
2021-05-21,20209,3631,82075,363600
2021-05-22,19765,3544,82164,364391
2021-05-23,19720,3515,82234,364695
2021-05-24,19701,3496,82296,364902
2021-05-25,19430,3447,82494,365739
2021-05-26,18593,3330,82638,367046
2021-05-27,17941,3206,82780,368023
2021-05-28,17272,3104,82878,369109
2021-05-29,16847,3028,82946,369789
2021-05-30,16775,2993,82990,370014
2021-05-31,16596,2945,83116,370577
2021-06-01,16088,2825,83243,371500
2021-06-02,15638,2754,83339,372310
2021-06-03,15283,2677,83409,373033
2021-06-04,14801,2571,83490,373818
2021-06-05,14532,2525,83547,374281
2021-06-06,14525,2527,83572,374416
2021-06-07,14323,2472,83636,374909
2021-06-08,13984,2394,83708,375569
2021-06-09,13526,2326,83773,376342
2021-06-10,13090,2245,83841,376974
2021-06-11,12712,2163,83910,377596
2021-06-12,12496,2110,83944,377961
2021-06-13,12480,2106,83957,378063
2021-06-14,12374,2068,84020,378429
2021-06-15,11895,1952,84096,379108
2021-06-16,11519,1873,84140,379635
2021-06-17,11114,1799,84196,380195
2021-06-18,10738,1740,84246,380667
2021-06-19,10531,1703,84268,380930
2021-06-20,10518,1703,84282,380979
2021-06-21,10386,1655,84322,381278
2021-06-22,10046,1560,84373,381726
2021-06-23,9771,1509,84406,382124
2021-06-24,9392,1439,84450,382593
2021-06-25,9190,1389,84483,382897
2021-06-26,9024,1349,84495,383122
2021-06-27,8986,1345,84512,383185
2021-06-28,8846,1304,84556,383447
2021-06-29,8627,1250,84584,383768
2021-06-30,8451,1204,84609,384051
2021-07-01,8232,1162,84638,384338
2021-07-02,8044,1123,84662,384616
2021-07-03,7912,1102,84679,384781
2021-07-04,7913,1104,84688,384812
2021-07-05,7806,1077,84724,385013
2021-07-06,7637,1032,84758,385289
2021-07-07,7539,997,84786,385490
2021-07-08,7384,971,84811,385720
2021-07-09,7275,953,84829,385950
2021-07-10,7183,947,84848,386122
2021-07-11,7183,947,84852,386141
2021-07-12,7137,957,84880,386424
2021-07-13,7076,933,84902,386704
2021-07-14,7047,931,84908,386839
2021-07-15,7054,914,84924,387017
2021-07-16,6971,899,84946,387297
2021-07-17,6922,890,84962,387439
2021-07-18,6936,891,84967,387469
2021-07-19,7041,902,84987,387703
2021-07-20,6912,876,85020,388118
2021-07-21,6869,859,85042,388402
2021-07-22,6832,868,85053,388707
2021-07-23,6802,872,85082,389021
2021-07-24,6787,878,85104,389197
2021-07-25,6843,886,85110,389226
2021-07-26,7079,952,85154,389531
2021-07-27,7137,978,85182,389996
2021-07-28,7208,992,85225,390367
2021-07-29,7236,1015,85252,390784
2021-07-30,7363,1072,85312,391216
2021-07-31,7409,1099,85355,391581
2021-08-01,7581,1137,85373,391689
2021-08-02,7840,1232,85424,392055
2021-08-03,7974,1331,85480,392634
2021-08-04,8134,1371,85528,393129
2021-08-05,8210,1420,85577,393723
2021-08-06,8368,1458,85637,394324
2021-08-07,8425,1510,85669,394709
2021-08-08,8685,1556,85697,394910
2021-08-09,9022,1667,85765,395310
2021-08-10,9153,1712,85833,396002
2021-08-11,9233,1745,85886,396616
2021-08-12,9465,1807,85963,397162
2021-08-13,9546,1831,86037,397828
2021-08-14,9648,1837,86088,398257
2021-08-15,9798,1852,86132,398445
2021-08-16,10151,1908,86228,398924
2021-08-17,10219,1953,86339,399763
2021-08-18,10336,2054,86451,400539
2021-08-19,10392,2049,86578,401284
2021-08-20,10515,2091,86660,401946
2021-08-21,10463,2106,86789,402615
2021-08-22,10651,2128,86883,402848
2021-08-23,11007,2215,86991,403285
2021-08-24,11066,2221,87143,404141
2021-08-25,11171,2239,87236,404823
2021-08-26,11104,2261,87343,405490
2021-08-27,11162,2270,87438,406229
2021-08-28,11052,2259,87512,406709
2021-08-29,11092,2276,87565,406911
2021-08-30,11245,2290,87663,407355
2021-08-31,11120,2292,87797,408275
2021-09-01,11119,2294,87880,408908
2021-09-02,10934,2275,87983,409615
2021-09-03,10816,2259,88076,410229
2021-09-04,10654,2223,88159,410710
2021-09-05,10644,2217,88208,410888
2021-09-06,10757,2249,88310,411314
2021-09-07,10646,2259,88418,412039
2021-09-08,10438,2224,88518,412721
2021-09-09,10323,2195,88621,413273
2021-09-10,10115,2151,88701,413880
2021-09-11,10018,2131,88747,414243
2021-09-12,10012,2129,88776,414405
2021-09-13,9986,2103,88862,414778
2021-09-14,9739,2000,88956,415490
2021-09-15,9555,1959,89033,416030
2021-09-16,9297,1952,89098,416554
2021-09-17,9070,1891,89164,417059
2021-09-18,8912,1837,89206,417399
2021-09-19,8887,1832,89234,417505
2021-09-20,8845,1805,89255,417826
2021-09-21,8594,1744,89407,418397
2021-09-22,8414,1656,89465,418859
2021-09-23,8237,1609,89527,419256
2021-09-24,8107,1586,89576,419628
2021-09-25,7980,1571,89605,419912
2021-09-26,7994,1577,89619,419971
2021-09-27,7980,1571,89693,420247
2021-09-28,7801,1524,89751,420645
2021-09-29,7726,1466,89793,420934
2021-09-30,7565,1414,89849,421264
2021-10-01,7410,1355,89895,421579
2021-10-02,7294,1325,89925,421787
2021-10-03,7308,1326,89934,421839
2021-10-04,7299,1328,89984,422072
2021-10-05,7096,1279,90045,422510
2021-10-06,7038,1242,90079,422728
2021-10-07,6903,1200,90113,423001
2021-10-08,6805,1164,90151,423274
2021-10-09,6706,1127,90166,423485
2021-10-10,6737,1132,90174,423537
2021-10-11,6729,1145,90204,423734
2021-10-12,6629,1111,90257,424018
2021-10-13,6601,1091,90280,424238
2021-10-14,6523,1075,90318,424464
2021-10-15,6470,1051,90352,424693
2021-10-16,6437,1049,90367,424817
2021-10-17,6448,1052,90372,424868
2021-10-18,6468,1049,90413,425074
2021-10-19,6483,1046,90452,425292
2021-10-20,6465,1026,90473,425537
2021-10-21,6453,1009,90508,425777
2021-10-22,6400,1010,90537,426012
2021-10-23,6348,1007,90560,426213
2021-10-24,6377,1018,90564,426243
2021-10-25,6405,1023,90605,426431
2021-10-26,6445,1049,90643,426654
2021-10-27,6489,1038,90677,426836
2021-10-28,6541,1037,90710,427031
2021-10-29,6534,1034,90737,427286
2021-10-30,6524,1039,90759,427445
2021-10-31,6572,1046,90771,427489
2021-11-01,6639,1069,90777,427519
2021-11-02,6680,1091,90851,427801
2021-11-03,6764,1096,90890,428108
2021-11-04,6718,1099,90937,428434
2021-11-05,6735,1089,90963,428716
2021-11-06,6667,1099,90988,428950
2021-11-07,6709,1101,90998,428990
2021-11-08,6865,1141,91053,429250
2021-11-09,6851,1140,91097,429618
2021-11-10,6906,1154,91130,429919
2021-11-11,6952,1145,91147,430063
2021-11-12,7046,1182,91195,430277
2021-11-13,7050,1202,91211,430476
2021-11-14,7111,1210,91228,430524
2021-11-15,7361,1257,91298,430811
2021-11-16,7535,1277,91345,431216
2021-11-17,7663,1300,91395,431559
2021-11-18,7787,1333,91447,431887
2021-11-19,7940,1353,91497,432215
2021-11-20,7974,1333,91520,432421
2021-11-21,8038,1339,91535,432497
2021-11-22,8338,1406,91629,432957
2021-11-23,8525,1455,91713,433411
2021-11-24,8765,1483,91793,433833
2021-11-25,8981,1499,91865,434310
2021-11-26,9181,1563,91925,434775
2021-11-27,9271,1617,91959,435027
2021-11-28,9381,1632,91982,435119
2021-11-29,9860,1749,92085,435531
2021-11-30,10249,1824,92199,436187
2021-12-01,10558,1886,92292,436766
2021-12-02,10790,1934,92395,437363
2021-12-03,11103,2058,92508,438044
2021-12-04,11340,2037,92557,438440
2021-12-05,11526,2066,92586,438589
2021-12-06,12096,2191,92778,439237
2021-12-07,12714,2351,92942,440066
2021-12-08,13044,2426,93071,440865
2021-12-09,13363,2461,93198,441638
2021-12-10,13629,2498,93339,442473
2021-12-11,13855,2539,93404,442940
2021-12-12,14050,2602,93452,443159
2021-12-13,14527,2752,93683,443933
2021-12-14,14819,2792,93841,445100
2021-12-15,15062,2843,93992,446101
2021-12-16,15142,2832,94157,447156
2021-12-17,15410,2901,94319,448151
2021-12-18,15370,2933,94404,448891
2021-12-19,15528,2936,94479,449128
2021-12-20,15918,3025,94703,449970
2021-12-21,16076,3096,94913,451213
2021-12-22,16118,3147,95083,452365
2021-12-23,16060,3208,95262,453573
2021-12-24,16173,3254,95429,454659
2021-12-25,16162,3282,95513,455323
2021-12-26,16365,3299,95609,455508
2021-12-27,16921,3333,95865,456295
2021-12-28,17405,3416,96107,457594
2021-12-29,17856,3469,96291,458891
2021-12-30,18321,3506,96471,460123
2021-12-31,18715,3543,96660,461407
2022-01-01,18811,3560,96770,462266
2022-01-02,19043,3572,96861,462576
2022-01-03,19606,3654,97131,463863
2022-01-04,20186,3665,97424,465820
2022-01-05,20688,3695,97670,467508
2022-01-06,21169,3759,97874,469181
2022-01-07,21605,3815,98067,470797
2022-01-08,21721,3821,98209,472027
2022-01-09,21982,3847,98299,472488
2022-01-10,22749,3904,98579,473916
2022-01-11,23371,3969,98847,476124
2022-01-12,23889,3985,99093,478097
2022-01-13,24154,3939,99318,480068
2022-01-14,24511,3895,99509,481964
2022-01-15,24544,3852,99657,483438
2022-01-16,24887,3852,99755,484007
2022-01-17,25776,3913,100051,485556
2022-01-18,26526,3881,100339,487977
2022-01-19,27230,3852,100570,490192
2022-01-20,27931,3842,100815,492256
2022-01-21,28457,3792,101048,494500
2022-01-22,28515,3746,101215,496206
2022-01-23,28838,3760,101330,496840
2022-01-24,29748,3776,101723,498806
2022-01-25,30189,3741,102086,501762
2022-01-26,30624,3712,102344,504330
2022-01-27,30982,3694,102612,506728
2022-01-28,31271,3656,102875,509211
2022-01-29,31282,3634,103053,510921
2022-01-30,31536,3641,103180,511612
2022-01-31,32374,3700,103528,513540
2022-02-01,32894,3751,103909,516458
2022-02-02,32720,3700,104185,519409
2022-02-03,32852,3643,104449,521380
2022-02-04,32988,3618,104804,524878
2022-02-05,32867,3606,104974,526609
2022-02-06,33027,3577,105103,527202
2022-02-07,33447,3622,105520,529180
2022-02-08,33352,3555,105882,531940
2022-02-09,32878,3503,106137,534705
2022-02-10,32415,3416,106447,537208
2022-02-11,31939,3371,106716,539749
2022-02-12,31522,3324,106877,541311
2022-02-13,31621,3305,106984,541777
2022-02-14,31532,3296,107369,543647
2022-02-15,31091,3235,107670,546183
2022-02-16,30578,3126,107913,548385
2022-02-17,29843,3055,108171,550715
2022-02-18,29194,2970,108444,552837
2022-02-19,28632,2918,108592,554200
2022-02-20,28643,2923,108671,554598
2022-02-21,28383,2905,108954,556126
2022-02-22,27566,2842,109240,558452
2022-02-23,26881,2753,109452,560486
2022-02-24,26118,2656,109649,562358
2022-02-25,25484,2546,109837,564082
2022-02-26,25264,2484,109928,564911
2022-02-27,25277,2491,109980,565221
2022-02-28,25079,2456,110212,566378
2022-03-01,24437,2408,110412,568119
2022-03-02,23840,2329,110577,569768
2022-03-03,23175,2231,110744,571248
2022-03-04,22643,2153,110898,572604
2022-03-05,22196,2075,111006,573476
2022-03-06,22253,2079,111038,573639
2022-03-07,22208,2089,111211,574749
2022-03-08,21899,2036,111376,576142
2022-03-09,21509,1962,111511,577508
2022-03-10,21287,1928,111611,578723
2022-03-11,21024,1875,111744,579930
2022-03-12,20860,1857,111795,580578
2022-03-13,20917,1855,111824,580769
2022-03-14,20925,1826,111984,581897
2022-03-15,20919,1783,112128,583270
2022-03-16,20757,1728,112273,584548
2022-03-17,20609,1695,112379,585730
2022-03-18,20519,1674,112480,586852
2022-03-19,20440,1644,112534,587475
2022-03-20,20566,1642,112561,587639
2022-03-21,20706,1632,112713,588719
2022-03-22,20742,1604,112843,590037
2022-03-23,20653,1564,112934,591389
2022-03-24,20654,1523,113046,592602
2022-03-25,20616,1489,113158,593988
2022-03-26,20532,1481,113217,594630
2022-03-27,20606,1486,113242,594814
2022-03-28,21073,1533,113391,595854
2022-03-29,21300,1538,113527,597352
2022-03-30,21688,1546,113659,598673
2022-03-31,21922,1551,113779,600034
2022-04-01,22066,1537,113904,601418
2022-04-02,22113,1523,113961,602269
2022-04-03,22251,1539,113985,602444
2022-04-04,22835,1541,114131,603702
2022-04-05,23010,1552,114258,605372
2022-04-06,23014,1561,114374,607194
2022-04-07,23272,1572,114469,608546
2022-04-08,23404,1554,114593,610159
2022-04-09,23474,1543,114667,611100
2022-04-10,23626,1562,114695,611319
2022-04-11,24205,1589,114871,612633
2022-04-12,24693,1644,115027,614551
2022-04-13,24778,1650,115161,616385
2022-04-14,24828,1648,115284,618020
2022-04-15,24909,1652,115427,619696
2022-04-16,24894,1630,115472,620535
2022-04-17,24922,1636,115501,620786
2022-04-18,24990,1635,115545,621002
2022-04-19,25277,1681,115726,622698
2022-04-20,25179,1677,115947,625022
2022-04-21,25018,1684,116114,626816
2022-04-22,24883,1645,116253,628608
2022-04-23,24840,1636,116312,629485
2022-04-24,24888,1640,116345,629768
2022-04-25,24980,1659,116541,631303
2022-04-26,24703,1667,116708,633262
2022-04-27,24431,1658,116854,634936
2022-04-28,24130,1629,116970,636491
2022-04-29,23579,1591,117119,638182
2022-04-30,23302,1562,117171,638905
2022-05-01,23327,1557,117193,639061
2022-05-02,23211,1511,117371,640425
2022-05-03,22849,1498,117491,642084
2022-05-04,22319,1465,117593,643460
2022-05-05,21880,1447,117708,644866
2022-05-06,21277,1408,117810,645611
2022-05-07,20963,1397,117869,647071
2022-05-08,20939,1403,117912,647235
2022-05-09,20835,1380,118044,648234
2022-05-10,20499,1364,118166,649583
2022-05-11,20152,1329,118253,650824
2022-05-12,19762,1292,118337,651942
2022-05-13,19272,1233,118431,653050
2022-05-14,18901,1213,118494,653734
2022-05-15,18935,1214,118508,653827
2022-05-16,18742,1199,118633,654775
2022-05-17,18290,1173,118723,655984
2022-05-18,17883,1149,118801,656962
2022-05-19,17531,1115,118864,657817
2022-05-20,17141,1095,118926,658712
2022-05-21,16935,1085,118968,659150
2022-05-22,16941,1081,118976,659216
2022-05-23,16785,1074,119058,659896
2022-05-24,16510,1072,119146,660731
2022-05-25,16133,1043,119193,661637
2022-05-26,16015,1033,119220,661995
2022-05-27,15811,1024,119264,662562
2022-05-28,15652,1022,119287,662858
2022-05-29,15646,1014,119300,662919
2022-05-30,15488,992,119385,663595
2022-05-31,15118,952,119461,664493
2022-06-01,14850,929,119517,665161
2022-06-02,14640,926,119558,665774
2022-06-03,14419,917,119593,666336
2022-06-04,14274,917,119624,666645
2022-06-05,14285,914,119631,666701
2022-06-06,14302,907,119640,666752
2022-06-07,14275,895,119714,667403
2022-06-08,14189,895,119791,668154
2022-06-09,14158,876,119830,668738
2022-06-10,14028,869,119868,669322
2022-06-11,14061,875,119886,669586
2022-06-12,14080,871,119891,669640
2022-06-13,14125,865,119958,670179
2022-06-14,14072,854,120015,670836
2022-06-15,13910,847,120062,671515
2022-06-16,13914,846,120110,672039
2022-06-17,13895,845,120153,672657
2022-06-18,13876,829,120170,672950
2022-06-19,13932,830,120172,673006
2022-06-20,14190,849,120217,673591
2022-06-21,14334,841,120273,674196
2022-06-22,14412,845,120337,675052
2022-06-23,14499,841,120377,675753
2022-06-24,14550,830,120426,676538
2022-06-25,14566,818,120448,676942
2022-06-26,14636,822,120457,677016
2022-06-27,15099,880,120504,677721
2022-06-28,15496,898,120541,678541
2022-06-29,15690,914,120588,679400
2022-06-30,15836,931,120630,680223
2022-07-01,16108,960,120681,681096
2022-07-02,16220,951,120711,681582
2022-07-03,16278,953,120724,681724
2022-07-04,16638,978,120821,682827
2022-07-05,17041,1004,120896,684148
2022-07-06,17496,1027,120942,685220
2022-07-07,17719,1035,121028,686409
2022-07-08,17944,1027,121102,687688
2022-07-09,17936,1040,121136,688421
2022-07-10,17999,1045,121151,688597
2022-07-11,18605,1107,121259,689642
2022-07-12,19160,1158,121382,691295
2022-07-13,19580,1184,121486,692740
2022-07-14,19647,1178,121535,693535
2022-07-15,19935,1204,121638,694489
2022-07-16,20023,1217,121697,695249
2022-07-17,20137,1225,121714,695383
2022-07-18,20530,1271,121888,696822
2022-07-19,20896,1323,122032,698590
2022-07-20,21010,1299,122140,700056
2022-07-21,20877,1305,122268,701655
2022-07-22,20769,1304,122372,703194
2022-07-23,20730,1279,122419,703888
2022-07-24,20782,1272,122438,704039
2022-07-25,21038,1285,122568,705292
2022-07-26,20924,1317,122687,707049
2022-07-27,20662,1253,122782,708623
2022-07-28,20486,1208,122886,709895
2022-07-29,20214,1195,122968,711128
2022-07-30,20068,1194,123020,711849
2022-07-31,20098,1195,123036,711968
2022-08-01,20063,1205,123157,713025
2022-08-02,19792,1180,123258,714464
2022-08-03,19389,1151,123341,715761
2022-08-04,19154,1151,123426,716889
2022-08-05,18803,1142,123503,717990
2022-08-06,18669,1146,123538,718518
2022-08-07,18693,1147,123548,718590
2022-08-08,18648,1121,123657,719501
2022-08-09,18171,1092,123768,720869
2022-08-10,17729,1057,123848,722035
2022-08-11,17524,1047,123928,722945
2022-08-12,17268,1037,123997,723824
2022-08-13,17083,1009,124033,724251
2022-08-14,17106,1012,124051,724302
2022-08-15,17138,1015,124058,724377
2022-08-16,17011,1009,124171,725328
2022-08-17,16838,1001,124263,726350
2022-08-18,16427,981,124352,727375
2022-08-19,16122,961,124424,728261
2022-08-20,15949,952,124461,728707
2022-08-21,15965,944,124464,728752
2022-08-22,15950,919,124527,729371
2022-08-23,15680,871,124615,730209
2022-08-24,15551,853,124667,730866
2022-08-25,15412,855,124710,731479
2022-08-26,15234,845,124760,732094
2022-08-27,15108,836,124779,732353
2022-08-28,15137,841,124786,732406
2022-08-29,14929,848,124864,733015
2022-08-30,14694,854,124936,733782
2022-08-31,14485,838,124986,734398
2022-09-01,14391,814,125024,734906
2022-09-02,14157,799,125079,735515
2022-09-03,14010,792,125091,735764
2022-09-04,14015,793,125094,735803
2022-09-05,13953,785,125161,736361
2022-09-06,13799,781,125221,737006
2022-09-07,13663,792,125262,737549
2022-09-08,13425,770,125318,738139
2022-09-09,13286,742,125349,738594
2022-09-10,13234,745,125363,738779
2022-09-11,13233,741,125367,738817
2022-09-12,13183,725,125407,739327
2022-09-13,13065,727,125456,739940
2022-09-14,12971,730,125488,740417
2022-09-15,12996,737,125520,740818
2022-09-16,12937,728,125546,741271
2022-09-17,12941,728,125555,741449
2022-09-18,12940,725,125556,741494
2022-09-19,12952,703,125614,742051
2022-09-20,12896,704,125662,742644
2022-09-21,12857,699,125694,743123
2022-09-22,12908,707,125723,743567
2022-09-23,12961,700,125756,744017
2022-09-24,12939,713,125769,744250
2022-09-25,12977,710,125772,744285
2022-09-26,13354,733,125823,744739
2022-09-27,13768,761,125863,745299
2022-09-28,14014,784,125900,745892
2022-09-29,14259,789,125932,746450
2022-09-30,14554,810,125961,746963
2022-10-01,14651,823,125978,747246
2022-10-02,14705,823,125982,747298
2022-10-03,15166,843,126044,747943
2022-10-04,15535,848,126118,748830
2022-10-05,15954,861,126159,749577
2022-10-06,16428,907,126204,750275
2022-10-07,16788,882,126256,751071
2022-10-08,16865,887,126281,751438
2022-10-09,16929,889,126287,751526
2022-10-10,17406,927,126366,752340
2022-10-11,17907,944,126438,753470
2022-10-12,18187,941,126493,754353
2022-10-13,18590,959,126552,755236
2022-10-14,18792,972,126628,756226
2022-10-15,18950,979,126657,756677
2022-10-16,19032,988,126670,756764
2022-10-17,19493,1065,126782,757710
2022-10-18,19948,1069,126881,758901
2022-10-19,20072,1046,126979,760185
2022-10-20,20110,1039,127041,761342
2022-10-21,20165,1039,127122,762416
2022-10-22,20082,1042,127154,762922
2022-10-23,20158,1037,127171,763008
2022-10-24,20194,1059,127293,764040
2022-10-25,19965,1041,127424,765597
2022-10-26,20014,1052,127483,766611
2022-10-27,19959,1057,127549,767589
2022-10-28,19682,1040,127608,768764
2022-10-29,19465,1027,127647,769394
2022-10-30,19497,1024,127656,769477
2022-10-31,19462,1044,127767,770293
2022-11-01,19383,1070,127818,770795
2022-11-02,19263,1065,127908,771749
2022-11-03,18972,1055,127963,772865
2022-11-04,18794,1029,128037,773725
2022-11-05,18596,1019,128069,774215
2022-11-06,18592,1022,128074,774315
2022-11-07,18500,1015,128183,775191
2022-11-08,18217,977,128300,776334
2022-11-09,18110,970,128369,777224
2022-11-10,18018,962,128420,778044
2022-11-11,17947,948,128447,778450
2022-11-12,17970,951,128457,778544
2022-11-13,18015,957,128458,778594
2022-11-14,18098,972,128558,779427
2022-11-15,18038,970,128667,780424
2022-11-16,18115,983,128737,781302
2022-11-17,17965,962,128812,782241
2022-11-18,17936,962,128881,783101
2022-11-19,17848,960,128907,783545
2022-11-20,17927,969,128909,783630
2022-11-21,18135,978,129003,784409
2022-11-22,18186,971,129092,785428
2022-11-23,18351,989,129167,786274
2022-11-24,18331,986,129223,787100
2022-11-25,18384,1010,129285,787918
2022-11-26,18352,1010,129314,788364
2022-11-27,18385,1007,129322,788466
2022-11-28,18782,1065,129417,789344
2022-11-29,19061,1076,129505,790438
2022-11-30,19497,1112,129596,791337
2022-12-01,19669,1089,129672,792382
2022-12-02,19865,1113,129739,793251
2022-12-03,19771,1093,129777,793852
2022-12-04,19863,1091,129787,793973
2022-12-05,20393,1114,129891,794773
2022-12-06,20614,1120,130008,796202
2022-12-07,21098,1145,130101,797326
2022-12-08,21619,1201,130158,798454
2022-12-09,21874,1182,130242,799643
2022-12-10,22061,1187,130296,800266
2022-12-11,22133,1191,130316,800377
2022-12-12,22703,1235,130482,801504
2022-12-13,23217,1287,130617,802940
2022-12-14,23742,1341,130721,804327
2022-12-15,24125,1374,130819,805614
2022-12-16,24173,1393,130944,807064
2022-12-17,24256,1384,130987,807811
2022-12-18,24357,1383,131011,807968
2022-12-19,24631,1419,131188,809242
2022-12-20,25002,1438,131317,810995
2022-12-21,25225,1443,131441,812617
2022-12-22,25395,1452,131554,813954
2022-12-23,25218,1454,131706,815558
2022-12-24,25119,1445,131755,816260
2022-12-25,25088,1445,131773,816395
2022-12-26,25043,1454,131906,817495
2022-12-27,25084,1447,132112,819080
2022-12-28,24993,1483,132246,820563
2022-12-29,24653,1484,132373,821858
2022-12-30,24389,1477,132475,823069
2022-12-31,24148,1478,132517,823676
2023-01-01,24157,1477,132536,823803
2023-01-02,24075,1465,132708,825065
2023-01-03,23516,1416,132870,826705
2023-01-04,23167,1389,132985,827960
2023-01-05,22664,1352,133117,829112
2023-01-06,22335,1341,133236,830190
2023-01-07,22129,1330,133284,830673
2023-01-08,22102,1331,133301,830783
2023-01-09,21548,1267,133446,831905
2023-01-10,21100,1242,133561,833075
2023-01-11,20776,1235,133640,833996
2023-01-12,20399,1233,133690,834822
2023-01-13,20039,1227,133788,835657
2023-01-14,19950,1214,133808,835936
2023-01-15,19922,1211,133816,836019
2023-01-16,19689,1187,133896,836689
2023-01-17,19229,1145,133995,837539
2023-01-18,18927,1141,134073,838193
2023-01-19,18470,1105,134133,838960
2023-01-20,18109,1068,134176,839566
2023-01-21,17932,1048,134203,839856
2023-01-22,17911,1044,134212,839907
2023-01-23,17639,1016,134314,840474
2023-01-24,17206,972,134373,841227
2023-01-25,16917,957,134407,841782
2023-01-26,16479,936,134457,842480
2023-01-27,15986,911,134501,843250
2023-01-28,15649,895,134532,843683
2023-01-29,15591,896,134538,843774
2023-01-30,15365,883,134597,844326
2023-01-31,14768,865,134654,845203
2023-02-01,14316,838,134707,846047
2023-02-02,14037,819,134757,846572
2023-02-03,13921,807,134784,846970
2023-02-04,13863,798,134805,844314
2023-02-05,13863,797,134805,844323
2023-02-06,13801,789,134845,844630
2023-02-07,13619,780,134887,845157
2023-02-08,13577,767,134918,848428
2023-02-09,13497,770,134935,848708
2023-02-10,13412,777,134955,849090
2023-02-11,13392,775,134966,849217
2023-02-12,13385,774,134967,849225
2023-02-13,13354,772,135005,849590
2023-02-14,13221,774,135040,850065
2023-02-15,13078,752,135075,850507
2023-02-16,13016,745,135101,850785
2023-02-17,12995,742,135128,851123
2023-02-18,12940,730,135144,851272
2023-02-19,12940,728,135145,851310
2023-02-20,13044,738,135175,851584
2023-02-21,12996,731,135207,851997
2023-02-22,12962,736,135245,852401
2023-02-23,12991,733,135264,852635
2023-02-24,12958,731,135293,852922
2023-02-25,12896,722,135309,853113
2023-02-26,12910,723,135310,853134
2023-02-27,12958,726,135345,853409
2023-02-28,12858,722,135379,853787
2023-03-01,12787,718,135404,854180
2023-03-02,12767,721,135425,854431
2023-03-03,12701,710,135446,854779
2023-03-04,12705,717,135463,854923
2023-03-05,12711,719,135463,854927
2023-03-06,12820,731,135489,855242
2023-03-07,12885,735,135513,855564
2023-03-08,13030,738,135540,855816
2023-03-09,13058,742,135550,856125
2023-03-10,13121,754,135577,856457
2023-03-11,13131,749,135585,856575
2023-03-12,13125,744,135585,856589
2023-03-13,13285,758,135626,856921
2023-03-14,13281,760,135653,857259
2023-03-15,13379,763,135677,857640
2023-03-16,13325,749,135701,857999
2023-03-17,13279,755,135726,858444
2023-03-18,13205,752,135737,858672
2023-03-19,13211,754,135737,858680
2023-03-20,13358,760,135787,859128
2023-03-21,13434,761,135822,859586
2023-03-22,13418,761,135835,860128
2023-03-23,13025,739,135860,860867
2023-03-24,13103,751,135875,861310
2023-03-25,13038,744,135889,861538
2023-03-26,13036,746,135894,861565
2023-03-27,13113,728,135936,861972
2023-03-28,13178,720,135975,862458
2023-03-29,13184,734,136009,862962
2023-03-30,13186,732,136045,863331
2023-03-31,13149,709,136076,863837
